Nr. Garaj,Destinatia,Marcă / Model,Nr.,Nr.,Nr. înmatriculare,model acum,data instalarii,data schimbat,luni nominal,luni ramase
1,Excavatoare,JCB 3CX,TAE,471,TAE 471,120,01.04.2025,01.04.2027,24,6
2,Excavatoare,JCB 3CX,TAE,472,TAE 472,120,01.10.2025,01.10.2027,24,12
3,Excavatoare,JCB 3CX,TAE,474,TAE 474,120,01.12.2023,01.12.2025,24,-9
4,Excavatoare,JCB 3CX,TAE,473,TAE 473,120,31.07.2025,31.07.2027,24,10
6,Duldozer,DZ 42,CC,325,CC 325,100,31.07.2025,31.07.2027,24,10
8,Tractor,Foton 545,CH,340,CH 340,93,28.02.2025,28.02.2027,24,5
9,Excavatoare,JCB 3CX,TAE,470,TAE 470,120,01.10.2025,01.10.2027,24,12
10,Excavatoare,JCB 3CX,TAE,586,TAE 586,120,31.07.2025,31.07.2027,24,10
11,Excavatoare,JCB 3CX,TAE,587,TAE 587,120,31.07.2025,31.07.2027,24,10
13,Tractor,T-150K,CA,441,CA 441,190,01.09.2025,01.09.2027,24,11
13,Tractor,T-150K,CA,441,CA 441,190,01.09.2025,01.09.2027,24,11
15,Tractor,XTZ 150,CA,530,CA 530,190,31.05.2024,31.05.2026,24,-3
15,Tractor,XTZ 150,CA,530,CA 530,190,31.05.2024,31.05.2026,24,-3
16,Bara,XTZ 150,CA,317,CA 317,190,01.06.2025,01.06.2026,12,-3
16,Bara,XTZ 150,CA,317,CA 317,190,01.06.2025,01.06.2026,12,-3
21,Excavatoare,JCB 8030 ZTS,TAE,464,TAE 464,75,31.12.2025,31.12.2027,24,15
22,Excavatoare,JCB 8030 ZTS,TAE,465,TAE 465,75,30.09.2023,30.09.2025,24,-11
23,Excavatoare,JCB 8030 ZTS,TAE,466,TAE 466,75,30.09.2023,30.09.2025,24,-11
24,Excavatoare,JCB 8030 ZTS,TAE,467,TAE 467,75,30.09.2023,30.09.2025,24,-11
33,Excavatoare,JCB 8030 ZTS,TAE,468,TAE 468,78,01.08.2024,01.08.2026,24,-1
34,Excavatoare,JCB 8030 ZTS,TAE,469,TAE 469,75,31.01.2026,31.01.2028,24,16
37,Bara,MTZ-82,CA,786,CA 786,100,01.11.2023,01.11.2025,24,-10
37,Bara,MTZ-82,CA,786,CA 786,100,01.11.2023,01.11.2025,24,-10
43,Pompă,MTZ-82,CA,468,CA 468,110,31.07.2024,31.07.2026,24,-1
43,Pompă,MTZ-82,CA,468,CA 468,110,31.07.2024,31.07.2026,24,-1
45,Bara,MTZ-82,CA,531,CA 531,100,01.12.2023,01.12.2025,24,-9
45,Bara,MTZ-82,CA,531,CA 531,120,31.01.2024,31.01.2026,24,-7
53,Excavatoare,ĂO-2621,CA,76,CA 076,75,01.07.2023,01.07.2025,24,-14
55,Încărcător,DZ 133,CC,545,CC 545,100,30.09.2024,30.09.2026,24,0
55,Încărcător,DZ 133,CC,545,CC 545,100,31.07.2025,31.07.2027,24,10
67,Tractor,Belorus 1221.3,TBN,329,TBN 329,100,01.09.2025,01.09.2027,24,11
67,Tractor,Belorus 1221.3,TBN,329,TBN 329,100,01.09.2025,01.09.2027,24,11
69,Tractor,T-25,CC,322,CC 322,74,01.01.2020,01.01.2022,24,-56
69,Tractor,T-25,CC,322,CC 322,75,30.09.2023,30.09.2025,24,-11
72,Încărcător,Case 440,f/n,n,f/n,77,01.01.2022,01.01.2024,24,-32
77,Încărcător,Volvo 20F,TAY,66,TAY 066,,30.12.1899,30.12.1901,24,-1496
80,Duldozer,DZ 42,TAW,114,114 TAW,100,30.11.2023,30.11.2025,24,-9
83,Excavatoare,ĂO-2621,CA,437,CA 437,,30.12.1899,30.12.1901,24,-1496
84,Încărcător,T 156 B,CD,866,CD 866,190,31.05.2024,31.05.2026,24,-3
84,Încărcător,T 156 B,CD,866,CD 866,190,31.05.2024,31.05.2026,24,-3
85,Excavatoare,Borax 2203,CD,946,CD 946,100,30.11.2023,30.11.2025,24,-9
85,Excavatoare,Borax 2203,CD,946,CD 946,100,11/30/2023,30.11.2025,24,-9
103,Basculantă,Kamaz 55111,CBE,276,CBE 276,190,31.05.2024,31.05.2026,24,-3
103,Basculantă,Kamaz 55111,CBE,276,CBE 276,190,31.05.2024,31.05.2026,24,-3
111,Automacara,MAZ 5337,CBE,638,CBE 638,190,01.03.2026,01.03.2028,24,17
111,Automacara,MAZ 5337,CBE,638,CBE 638,190,01.03.2026,01.03.2028,24,17
112,Basculantă,Kamaz 55111,CCR,871,CCR 871,180,30.09.2023,30.09.2025,24,-11
112,Basculantă,Kamaz 55111,CCR,871,CCR 871,180,30.09.2023,30.09.2025,24,-11
113,Basculantă,Kamaz 65115,CHN,349,CHN 349,190,31.05.2024,31.05.2026,24,-3
113,Basculantă,Kamaz 65115,CHN,349,CHN 349,190,31.05.2024,31.05.2026,24,-3
120,Furgon,IVECO DAILY,SYR,744,SYR 744,110,30.06.2024,30.06.2026,24,-2
121,Furgon,IVECO DAILY,SYR,767,SYR 767,100,31.03.2024,31.03.2026,24,-5
122,Furgon,IVECO DAILY,SYR,741,SYR 741,110,31.08.2024,31.08.2026,24,0
123,Furgon,IVECO DAILY,SYR,780,SYR 780,110,30.06.2024,30.06.2026,24,-2
124,Furgon,IVECO DAILY,SYR,759,SYR 759,110,31.12.2022,31.12.2024,24,-20
125,Furgon,IVECO DAILY,SYR,747,SYR 747,110,30.06.2024,30.06.2026,24,-2
141,Basculantă,Gaz SAZ 3507,CBI,96,CBI 096,78,31.05.2024,31.05.2026,24,-3
142,Furgon,GAZ-5327,CBE,648,CBE 648,90,01.10.2025,01.10.2027,24,12
143,Autocamion,Gaz 66,CBE,443,CBE 443,100,31.03.2024,31.03.2026,24,-5
145,Basculantă,ZIL 4502,CBI,566,CBI 566,90,30.11.2025,30.11.2027,24,14
146,Automacara,MAZ 5337,CGC,23,CGC 023,190,31.10.2023,31.10.2025,24,-10
146,Automacara,MAZ 5337,CGC,23,CGC 023,190,31.10.2023,31.10.2025,24,-10
147,Basculantă,Gaz SAZ 3507,CBE,267,CBE 267,75,30.09.2023,30.09.2025,24,-11
148,Autocamion,Uaz 33039,CIA,483,CIA 483,60,31.08.2023,31.08.2025,24,-12
149,Basculantă,Kamaz 5410,CAU,393,CAU 393,190,31.05.2024,31.05.2026,24,-3
149,Basculantă,Kamaz 5410,CAU,393,CAU 393,190,31.05.2024,31.05.2026,24,-3
150,Basculantă,ZIL 4502,CBE,294,CBE 294,90,01.10.2025,01.10.2027,24,12
152,Basculantă,ZIL 4502,CBE,284,CBE 284,90,31.10.2025,31.10.2027,24,13
153,Basculantă,Gaz SAZ 3507,CBE,269,CBE 269,75,31.12.2025,31.12.2027,24,15
155,Manipulator,Iveco Eurocargo,SYR,769,SYR 769,140,31.07.2024,31.07.2026,24,-1
155,Manipulator,Iveco Eurocargo,SYR,769,SYR 769,140,31.07.2024,31.07.2026,24,-1
156,Autoturn,Gaz 5307,CBE,641,CBE 641,75,02.12.2021,02.12.2023,24,-33
157,Automacara,MAZ 5337,CFK,906,CFK 906,190,30.11.2023,30.11.2025,24,-9
157,Automacara,MAZ 5337,CFK,906,CFK 906,190,01.11.2025,01.11.2027,24,13