Nr. Garaj,model anvelopa,data instalarii,luni nominal
1,"12,5-18 R 4",01.09.2025,22
1,"12,5-18 R 4",01.09.2025,22
1,"18,4-26 TD-19",01.09.2025,22
1,"18,4-26 TD-19",01.09.2025,22
2,"12,5-18 R 4",31.05.2024,22
2,"12,5-18 R 4",31.05.2024,22
2,"18,4-26 TD-19",28.02.2025,22
2,"18,4-26 TD-19",28.02.2025,22
3,"12,5-18 R 4",30.04.2024,22
3,"12,5-18 R 4",30.04.2024,22
3,"18,4-26 TD-19",30.11.2023,22
3,"18,4-26 TD-19",30.11.2023,22
4,"12,5-18 R 4",01.09.2025,22
4,"12,5-18 R 4",01.09.2025,22
4,"18,4-26 TD-19",01.09.2025,22
4,"18,4-26 TD-19",01.09.2025,22
8,"8,3-20",28.02.2026,24
8,"8,3-20",28.02.2026,24
8,"12,4-28",28.02.2026,24
8,"12,4-28",28.02.2026,24
9,"12,5-18 R 4",01.02.2025,22
9,"12,5-18 R 4",01.02.2025,22
9,"18,4-26",28.02.2026,24
9,"18,4-26",28.02.2026,24
10,"12,5-18 R 4",31.03.2023,22
10,"12,5-18 R 4",31.03.2023,22
10,"18,4-26 TD-19",31.05.2024,22
10,"18,4-26 TD-19",31.05.2024,22
11,"12,5-18 R 4",31.01.2026,24
11,"12,5-18 R 4",31.01.2026,24
11,"18,4-26 TD-19",31.05.2024,22
11,"18,4-26 TD-19",31.05.2024,22
13,"21,3-24",01.06.2025,22
13,"21,3-24",01.06.2025,22
13,"21,3-24",01.06.2025,22
13,"21,3-24",01.06.2025,22
15,"21,3-24",31.05.2024,22
15,"21,3-24",31.05.2024,22
15,"21,3-24",31.05.2024,22
15,"21,3-24",31.05.2024,22
16,"21,3-24",01.05.2019,22
16,"21,3-24",01.05.2019,22
16,"21,3-24",01.05.2019,22
16,"21,3-24",01.05.2019,22
17,"16,5/70-18",01.06.2025,22
17,"16,5/70-18",01.06.2025,22
17,"16,5/70-18",01.06.2025,22
17,"16,5/70-18",01.06.2025,22
19,"16,5/70-18",31.07.2024,22
19,"16,5/70-18",31.07.2024,22
19,"16,5/70-18",31.07.2024,22
19,"16,5/70-18",31.07.2024,22
37,"11,2-20",30.11.2025,24
37,"11,2-20",30.11.2025,24
37,"18,4-30",31.12.2024,22
37,"18,4-30",31.12.2024,22
43,9x20,01.12.2020,22
43,9x20,01.12.2020,22
43,"15,5x38",31.05.2023,22
43,"15,5x38",31.05.2023,22
45,"11,2x20",30.11.2025,24
45,"11,2x20",30.11.2025,24
45,"18,4x30",28.02.2026,24
45,"18,4x30",28.02.2026,24
53,9x20,01.12.2020,22
53,9x20,01.12.2020,22
53,"15,5x38",28.02.2026,24
53,"15,5x38",28.02.2026,24
55,"11,2x20",31.01.2024,22
55,"11,2x20",31.01.2024,22
55,"15,5x38",30.04.2024,22
55,"15,5x38",30.04.2024,22
67,,31.12.1899,22
67,,31.12.1899,22
67,,31.12.1899,22
67,,31.12.1899,22
68,,31.12.1899,22
68,,31.12.1899,22
68,,31.12.1899,22
68,,31.12.1899,22
69,"6,5x16",31.08.2024,22
69,"6,5x16",31.08.2024,22
69,"9,5x32",01.01.2022,22
69,"9,5x32",01.01.2022,22
72,"12-16,5",01.06.2018,22
72,"12-16,5",01.06.2018,22
72,"12-16,5",01.08.2020,22
72,"12-16,5",01.08.2020,22
77,,30.09.2023,22
77,,30.09.2023,22
77,,30.09.2023,22
77,,30.09.2023,22
83,"7,5-20",31.08.2024,22
83,"7,5-20",31.08.2024,22
83,"15,5x38",31.05.2025,22
83,"15,5x38",31.05.2025,22
84,"23,1 R26",01.04.2021,22
84,"23,1 R26",01.04.2021,22
84,"23,1 R26",01.04.2021,22
84,"23,1 R26",01.04.2021,22
85,"11,2x20",01.04.2020,22
85,"11,2x20",01.04.2020,22
85,"15,5x38",31.05.2024,22
85,"15,5x38",31.05.2024,22
126,195R 14C,30.06.2025,22
126,195R 14C,30.06.2025,22
126,195R 14C,30.06.2025,22
126,195R 14C,30.06.2025,22
127,195R 14C,31.08.2025,22
127,195R 14C,31.08.2025,22
127,195R 14C,31.08.2025,22
127,195R 14C,31.08.2025,22
128,195R 14C,01.12.2023,22
128,195R 14C,01.12.2023,22
128,195R 14C,01.04.2024,22
128,195R 14C,01.04.2024,22
129,195R 14C,01.11.2024,22
129,195R 14C,01.11.2024,22
129,195R 14C,01.09.2025,22
129,195R 14C,01.09.2025,22
130,195R 14C,01.11.2024,22
130,195R 14C,01.11.2024,22
130,195R 14C,30.06.2025,22
130,195R 14C,30.06.2025,22
131,195R 14C,30.09.2023,22
131,195R 14C,30.09.2023,22
131,195R 14C,30.09.2023,22
131,195R 14C,30.09.2023,22
