Nume Prenume,Nr. de pontaj,Funcție,Telefon,Vehicul litere,Vehicul cifre,Sector,Mărime haină,Mărime încalțăminte,Scurtă,Încălțăminte,Costum,Pantaloni,Vestă avertizare,Urm. Scurtă,Urm. Încălțăminte,Urm. Costum,Urm. Pantaloni,Urm. Vestă avertizare,EIP complet?,Observații
Ababii Igor,6832,mașinist la excavatoare ,061094258,TAE,470,CIOCANA,52-53,45,3/1/2026,2/1/2024,3/1/2025,3/1/2023,,3/1/2029,8/1/2025,3/1/2026,3/1/2026,12/30/1904,Complet,
Aftimiciuc Piotr,9072,maistru reparare,069108643,XXX,999,OFICIU,54,46,11/1/2023,11/1/2024,3/1/2024,NU E NEVOE,7/1/2020,11/1/2026,5/1/2026,3/1/2025,#VALUE!,7/1/2025,Complet,
Alexei Constantin,4394,mașinist la automacara,069079310,CGC,23,BAZA,54,45,2/1/2026,8/1/2025,3/1/2025,3/1/2023,2/1/2025,2/1/2029,2/1/2027,3/1/2026,3/1/2026,2/1/2030,Complet,
Alexei Constantin,4394,mașinist la automacara,069079310,CBE,638,BAZA,54,45,2/1/2026,8/1/2025,3/1/2025,3/1/2023,2/1/2025,2/1/2029,2/1/2027,3/1/2026,3/1/2026,2/1/2030,Complet,
Anton Marcel,4901,mașinist la excavatoare,069294876,TAE,470,CIOCANA,66,46,2/1/2026,8/1/2025,12/1/2025,3/1/2023,,2/1/2029,2/1/2027,12/1/2026,3/1/2026,12/30/1904,Complet,
Apavaloae Artur,8618,tractorist,069219281,CA,441,SBO,58-60,45,3/1/2026,1/1/2026,5/1/2025,3/1/2023,2/1/2025,3/1/2029,7/1/2027,5/1/2026,3/1/2026,2/1/2030,Complet,
Apavaloae Gheorghe,8981,conducator auto ,069386933,CBE,276,BAZA,,,5/1/2025,2/1/2024,3/1/2025,NU E NEVOE,2/1/2025,5/1/2028,8/1/2025,3/1/2026,#VALUE!,2/1/2030,Complet,
Barbacari Gheorghi,9743,conducator auto,060122219,CBE,276,BAZA,66,44,2/1/2026,2/1/2026,2/1/2026,NU E NEVOE,2/1/2026,2/1/2029,8/1/2027,2/1/2027,#VALUE!,2/1/2031,Complet,
Boicu Iurie,7518,conducator auto,060587028,CCR,871,BAZA,52-53,43,2/1/2026,8/1/2025,3/1/2025,3/1/2023,2/1/2025,2/1/2029,2/1/2027,3/1/2026,3/1/2026,2/1/2030,Complet,
Caimacan Ruslan,7886,tractorist,069524215,TAW,114,VADUL LUI VODA,54,45,1/1/2025,9/1/2025,3/1/2025,9/1/2025,2/1/2025,1/1/2028,3/1/2027,3/1/2026,9/1/2028,2/1/2030,Complet,
Caimacan Ruslan,7886,tractorist,069524215,CC,322,VADUL LUI VODA,54,45,1/1/2025,9/1/2025,3/1/2025,9/1/2025,2/1/2025,1/1/2028,3/1/2027,3/1/2026,9/1/2028,2/1/2030,Complet,
Caradja Iurii,7949,lăcătuș,079744836,XXX,999,GARAJ,50-52,43,1/1/2025,3/1/2025,10/1/2024,1/1/2022,NU E NEVOE,1/1/2028,9/1/2026,10/1/2025,1/1/2025,#VALUE!,Complet,
Castraveț Constantin,8772,mașinist la buldozer,069608568,CC,325,SBO,50-52,43,1/1/2025,8/1/2025,3/1/2025,1/1/2022,2/1/2025,1/1/2028,2/1/2027,3/1/2026,1/1/2025,2/1/2030,Complet,
Cauș Timofei,538,mașinist la automacara,069756270,CFK,906,BAZA,54,42,10/1/2024,8/1/2025,3/1/2025,NU E NEVOE,10/1/2025,10/1/2027,2/1/2027,3/1/2026,#VALUE!,10/1/2030,Complet,
Cebanu Vitalie,8994,mașinist la excavatoare,060038651,TAE,586,BAZA,50-53,43,2/1/2026,2/1/2024,3/1/2025,3/1/2023,2/1/2025,2/1/2029,8/1/2025,3/1/2026,3/1/2026,2/1/2030,Complet,
Cebotari Constantin,9633,tractorist,068437671,CH,340,BAZA,,,10/1/2025,3/1/2025,3/1/2025,,3/1/2025,10/1/2028,9/1/2026,3/1/2026,12/30/1902,3/1/2030,Complet,
Celpan Ion,4984,mașinist la excavatoare,069501965,CA,76,BAZA,52,42,01.04.2025,3/1/2025,3/1/2025,3/1/2022,2/1/2025,#VALUE!,9/1/2026,3/1/2026,3/1/2025,2/1/2030,Complet,
Cernei Anatolii,2641,conducator auto,069112876,SYR,769,BAZA,44-46,42,10/1/2024,8/1/2025,3/1/2025,NU E NEVOE,2/1/2025,10/1/2027,2/1/2027,3/1/2026,#VALUE!,2/1/2030,Complet,
Cheptene Serghei,545,mașinist la excavatoare,069584366,TAE,472,CENTRU,52,43,1/1/2025,8/1/2025,8/1/2024,1/1/2022,10/1/2025,1/1/2028,2/1/2027,8/1/2025,1/1/2025,10/1/2030,Complet,
Cotai Liviu,6463,mașinist la excavatoare,068478615,MRZ,370,CENTRU,52-53,42,1/1/2025,8/1/2025,10/1/2025,1/1/2022,,1/1/2028,2/1/2027,10/1/2026,1/1/2025,12/30/1904,Complet,
Cotai Liviu,6463,mașinist la excavatoare,068478615,TAE,465,CENTRU,52-53,42,1/1/2025,8/1/2025,10/1/2025,1/1/2022,,1/1/2028,2/1/2027,10/1/2026,1/1/2025,12/30/1904,Complet,
Cotai Liviu,6463,mașinist la excavatoare,068478615,SYR,780,CENTRU,52-53,42,1/1/2025,8/1/2025,10/1/2025,1/1/2022,,1/1/2028,2/1/2027,10/1/2026,1/1/2025,12/30/1904,Complet,
David Ivan,8988,conducator auto,060130100,CHN,349,BAZA,48-50,41,1/1/2025,8/1/2025,10/1/2025,1/1/2022,2/1/2025,1/1/2028,2/1/2027,10/1/2026,1/1/2025,2/1/2030,Complet,
Furnica Ion,1305,mașinist la excavatoare,069129092,MRZ,40,BUIUCANI,54,43,2/1/2026,8/1/2025,10/1/2025,3/1/2023,3/1/2025,2/1/2029,2/1/2027,10/1/2026,3/1/2026,3/1/2030,Complet,
Furnica Ion,1305,mașinist la excavatoare,069129092,TAE,466,BUIUCANI,54,43,2/1/2026,8/1/2025,10/1/2025,3/1/2023,3/1/2025,2/1/2029,2/1/2027,10/1/2026,3/1/2026,3/1/2030,Complet,
Furnica Ion,1305,mașinist la excavatoare,069129092,SYR,744,BUIUCANI,54,43,2/1/2026,8/1/2025,10/1/2025,3/1/2023,3/1/2025,2/1/2029,2/1/2027,10/1/2026,3/1/2026,3/1/2030,Complet,
Ghimpu Dan,9711,Inginer,069848101,XXX,999,OFICIU,50,44,10/1/2025,10/1/2025,3/1/2026,NU E NEVOE,NU E NEVOE,10/1/2028,4/1/2027,3/1/2027,#VALUE!,#VALUE!,Complet,
Goncearenco Veaceslav,2360,mașinist la excavatoare,069567986,TAE,587,BAZA,54,43,1/1/2025,8/1/2025,5/1/2025,5/1/2025,2/1/2025,1/1/2028,2/1/2027,5/1/2026,5/1/2028,2/1/2030,Complet,
Goreanu Anatol,8913,conducator auto ,078922447,CBE,284,BAZA,48-50,42,10/1/2024,3/1/2026,6/1/2024,NU E NEVOE,5/1/2021,10/1/2027,9/1/2027,6/1/2025,#VALUE!,5/1/2026,Complet,
Grama Fiodor,9383,mașinist la excavatoare,060406794,MRZ,373,BRANSAMENTE,,,10/1/2024,4/1/2025,10/1/2025,,,10/1/2027,10/1/2026,10/1/2026,12/30/1902,12/30/1904,Complet,
Grama Fiodor,9383,mașinist la excavatoare,060406794,TAE,469,BRANSAMENTE,,,10/1/2024,4/1/2025,10/1/2025,,,10/1/2027,10/1/2026,10/1/2026,12/30/1902,12/30/1904,Complet,
Grama Fiodor,9383,mașinist la excavatoare,060406794,SYR,747,BRANSAMENTE,,,10/1/2024,4/1/2025,10/1/2025,,,10/1/2027,10/1/2026,10/1/2026,12/30/1902,12/30/1904,Complet,
Iacub Alexandru,9161,conducator auto,068405411,CBI,96,VADUL LUI VODA,54,43,1/1/2026,2/1/2024,9/1/2024,NU E NEVOE,2/1/2025,1/1/2029,8/1/2025,9/1/2025,#VALUE!,2/1/2030,Complet,
Iacub Alexandru,9161,conducator auto,068405411,CBE,648,VADUL LUI VODA,54,43,1/1/2026,2/1/2024,9/1/2024,NU E NEVOE,2/1/2025,1/1/2029,8/1/2025,9/1/2025,#VALUE!,2/1/2030,Complet,
Maistrovoi Alexandru,8980,mașinist la excavatoare ,061024885,TAE,473,BOTANICA,52-54,42,1/1/2025,8/1/2025,5/1/2025,9/1/2025,3/1/2025,1/1/2028,2/1/2027,5/1/2026,9/1/2028,3/1/2030,Complet,
Manole Serghei,8617,tractorist,061018830,TBN,329,SBO,50-52,42,2/1/2026,10/1/2025,10/1/2025,3/1/2023,10/1/2025,2/1/2029,4/1/2027,10/1/2026,3/1/2026,10/1/2030,Complet,
Manole Serghei,8617,tractorist,061018830,RTL,362,SBO,50-52,42,2/1/2026,10/1/2025,10/1/2025,3/1/2023,10/1/2025,2/1/2029,4/1/2027,10/1/2026,3/1/2026,10/1/2030,Complet,
Mardari Ion,8898,lăcătuș ,069019876,XXX,999,GARAJ,50,41,10/1/2024,3/1/2025,6/1/2025,12/1/2022,NU E NEVOE,10/1/2027,9/1/2026,6/1/2026,12/1/2025,#VALUE!,Complet,
Matei Fiodor,8222,tractorist,069214997,TBN,329,SBO,52-54,43,2/1/2026,12/1/2024,3/1/2025,3/1/2023,,2/1/2029,6/1/2026,3/1/2026,3/1/2026,12/30/1904,Complet,
Melnic Valentin,3620,mașinist la excavatoare,069665267,TAE,473,BOTANICA,54,45,1/1/2025,8/1/2025,11/1/2025,1/1/2022,,1/1/2028,2/1/2027,11/1/2026,1/1/2025,12/30/1904,Complet,
Milicenco Vasilie,7134,electrogazosudor,069821128,XXX,999,GARAJ,54-55,45,1/1/2025,5/1/2026,5/1/2026,3/1/2023,NU E NEVOE,1/1/2028,11/1/2027,5/1/2027,3/1/2026,#VALUE!,Complet,
Mîndru Tudor,9364,strungar,069281995,XXX,999,GARAJ,53-58,42,10/1/2024,3/1/2025,8/1/2025,NU E NEVOE,NU E NEVOE,10/1/2027,9/1/2026,8/1/2026,#VALUE!,#VALUE!,Complet,
Mocanu Petru,8224,tractorist,061108169,CRT,144,SBO,48-50,43,3/1/2026,3/1/2025,10/1/2024,3/1/2023,10/1/2025,3/1/2029,9/1/2026,10/1/2025,3/1/2026,10/1/2030,Complet,
Mocanu Petru,8224,tractorist,061108169,CA,441,SBO,48-50,43,3/1/2026,3/1/2025,10/1/2024,3/1/2023,10/1/2025,3/1/2029,9/1/2026,10/1/2025,3/1/2026,10/1/2030,Complet,
Movilă Vieceslav,9669,conducator auto ,069682382,CAU,393,BAZA,60,41,10/1/2025,6/1/2025,6/1/2025,NU E NEVOE,,10/1/2028,12/1/2026,6/1/2026,#VALUE!,12/30/1904,Complet,
Muntean Niconor,3180,mașinist la excavatoare ,068994247,TAE,586,BAZA,52-53,42,01.10.2025,8/1/2025,10/1/2025,3/1/2023,2/1/2025,#VALUE!,2/1/2027,10/1/2026,3/1/2026,2/1/2030,Complet,
Olari Gheorghii,869,mașinist la excavatoare ,069246750,TAE,474,BUIUCANI,52,44,1/1/2025,2/1/2024,12/1/2025,3/1/2025,2/1/2025,1/1/2028,8/1/2025,12/1/2026,3/1/2028,2/1/2030,Complet,
Pascaru Vasile,7147,mașinist la excavatoare ,069002076,MRZ,381,BOTANICA,52,42,2/1/2026,8/1/2025,10/1/2025,3/1/2023,2/1/2024,2/1/2029,2/1/2027,10/1/2026,3/1/2026,2/1/2029,Complet,
Pascaru Vasile,7147,mașinist la excavatoare ,069002076,TAE,467,BOTANICA,52,42,2/1/2026,8/1/2025,10/1/2025,3/1/2023,2/1/2024,2/1/2029,2/1/2027,10/1/2026,3/1/2026,2/1/2029,Complet,
Pascaru Vasile,7147,mașinist la excavatoare ,069002076,SYR,741,BOTANICA,52,42,2/1/2026,8/1/2025,10/1/2025,3/1/2023,2/1/2024,2/1/2029,2/1/2027,10/1/2026,3/1/2026,2/1/2029,Complet,
Popa Constantin,7040,tractorist,076028631,CC,545,SBO,54,45,1/1/2025,8/1/2025,12/1/2025,10/1/2025,2/1/2025,1/1/2028,2/1/2027,12/1/2026,10/1/2028,2/1/2030,Complet,
Popa Constantin,7040,tractorist,076028631,CD,866,SBO,54,45,1/1/2025,8/1/2025,12/1/2025,10/1/2025,2/1/2025,1/1/2028,2/1/2027,12/1/2026,10/1/2028,2/1/2030,Complet,
Prisăcari Valeriu,8690,mașinist la instalația cu braț taietor,069914406,CA,786,BAZA,52-54,42,10/1/2024,8/1/2025,3/1/2025,7/1/2021,2/1/2025,10/1/2027,2/1/2027,3/1/2026,7/1/2024,2/1/2030,Complet,
Prodan Ion,7952,conducator auto ,069479541,CBE,269,BAZA,60-62,43,11/1/2024,8/1/2025,3/1/2025,2/1/2025,2/1/2025,11/1/2027,2/1/2027,3/1/2026,2/1/2028,2/1/2030,Complet,
Prodan Nicolae,8935,conducator auto ,069609786,CBE,267,BAZA,56,44,10/1/2024,10/1/2024,9/1/2025,NU E NEVOE,9/1/2025,10/1/2027,4/1/2026,9/1/2026,#VALUE!,9/1/2030,Complet,
Roșca Mihail,1070,mașinist la excavatoare,068509390,TAY,66,BAZA,50,42,2/1/2026,8/1/2025,3/1/2025,3/1/2023,2/1/2025,2/1/2029,2/1/2027,3/1/2026,3/1/2026,2/1/2030,Complet,
Rotari Oleg,7385,mașinist la excavatoare ,069839642,TAE,471,RÂȘCANI,62,44,1/1/2025,8/1/2025,3/1/2025,2/1/2025,2/1/2025,1/1/2028,2/1/2027,3/1/2026,2/1/2028,2/1/2030,Complet,
Sabanciuc Mihail,5599,mașinist la excavatoare,068825870,TAE,474,BUIUCANI,52-54,42,1/1/2025,8/1/2025,10/1/2025,2/1/2025,2/1/2025,1/1/2028,2/1/2027,10/1/2026,2/1/2028,2/1/2030,Complet,
Sclifos Zaharia,9182,mașinist la excavatoare,069508924,MRZ,365,CIOCANA,52-54,44,10/1/2024,8/1/2025,10/1/2025,4/1/2023,,10/1/2027,2/1/2027,10/1/2026,4/1/2026,12/30/1904,Complet,
Sclifos Zaharia,9182,mașinist la excavatoare,069508924,TAE,468,CIOCANA,52-54,44,10/1/2024,8/1/2025,10/1/2025,4/1/2023,,10/1/2027,2/1/2027,10/1/2026,4/1/2026,12/30/1904,Complet,
Sclifos Zaharia,9182,mașinist la excavatoare,069508924,SYR,767,CIOCANA,52-54,44,10/1/2024,8/1/2025,10/1/2025,4/1/2023,,10/1/2027,2/1/2027,10/1/2026,4/1/2026,12/30/1904,Complet,
Seu Mihail,1147,Șef sector,069175300,XXX,999,OFICIU,48,41,NU E NEVOE,3/1/2025,10/1/2024,3/1/2023,NU E NEVOE,#VALUE!,9/1/2026,10/1/2025,3/1/2026,#VALUE!,Complet,
Soltan Victor,8665,tractorist,060711275,CA,530,SBO,54-56,43,10/1/2024,10/1/2024,10/1/2025,9/1/2025,3/1/2025,10/1/2027,4/1/2026,10/1/2026,9/1/2028,3/1/2030,Complet,
Timotin Andrei,8270,tractorist ,068337778,CA,317,BAZA,48-50,40,2/1/2026,8/1/2025,5/1/2025,3/1/2023,2/1/2025,2/1/2029,2/1/2027,5/1/2026,3/1/2026,2/1/2030,Complet,
Timotin Andrei,8270,tractorist ,068337778,CA,468,BAZA,48-50,40,2/1/2026,8/1/2025,5/1/2025,3/1/2023,2/1/2025,2/1/2029,2/1/2027,5/1/2026,3/1/2026,2/1/2030,Complet,
Timotin Grigorii,5924,mașinist la instalația cu braț taietor,060654797,CA,531,BAZA,52-55,45,2/1/2026,8/1/2025,3/1/2025,3/1/2023,2/1/2025,2/1/2029,2/1/2027,3/1/2026,3/1/2026,2/1/2030,Complet,
Toma Gheorghe,8350,conducator auto ,078950537,CBE,294,BAZA,56-58,43,2/1/2025,8/1/2025,4/1/2025,NU E NEVOE,6/1/2020,2/1/2028,2/1/2027,4/1/2026,#VALUE!,6/1/2025,Complet,
Toma Nicolae,8663,conducator auto ,079306654,CAU,393,BAZA,52-54,43,10/1/2024,2/1/2025,3/1/2025,NU E NEVOE,2/1/2025,10/1/2027,8/1/2026,3/1/2026,#VALUE!,2/1/2030,Complet,
Triboi Vasilii,3050,mașinist la excavatoare,079630526,TAE,471,RÂȘCANI,52,42,1/1/2025,8/1/2025,10/1/2025,3/1/2023,,1/1/2028,2/1/2027,10/1/2026,3/1/2026,12/30/1904,Complet,
Verbițchii Mihail,222,mașinist la excavatoare,069129184,MRZ,377,RÂȘCANI,54,43,3/1/2026,4/1/2025,4/1/2025,3/1/2023,3/1/2025,3/1/2029,4/1/2028,4/1/2026,3/1/2026,3/1/2028,Complet,
Verbițchii Mihail,222,mașinist la excavatoare,069129184,TAE,464,RÂȘCANI,54,43,3/1/2026,4/1/2025,4/1/2025,3/1/2023,3/1/2025,3/1/2029,4/1/2028,4/1/2026,3/1/2026,3/1/2028,Complet,
Verbițchii Mihail,222,mașinist la excavatoare,069129184,SYR,759,RÂȘCANI,54,43,3/1/2026,4/1/2025,4/1/2025,3/1/2023,3/1/2025,3/1/2029,4/1/2028,4/1/2026,3/1/2026,3/1/2028,Complet,
Vieru Mihail,9336,mașinist la excavatoare,060372646,TAE,472,CENTRU,53-54,43,5/1/2023,8/1/2025,10/1/2025,5/1/2023,3/1/2025,5/1/2026,2/1/2027,10/1/2026,5/1/2026,3/1/2030,Complet,
Virtecus Dumitru,7381,mașinist la excavatoare,999999999,XXX,999,???,,,NU E NEVOE,5/1/2026,5/1/2026,NU E NEVOE,NU E NEVOE,#VALUE!,11/1/2027,5/1/2027,#VALUE!,#VALUE!,Complet,
Zamșa Eugeniu,5277,conducator auto,069974391,CBE,443,,60-62,42,1/1/2026,4/1/2025,3/1/2025,NU E NEVOE,2/1/2025,1/1/2029,10/1/2026,3/1/2026,#VALUE!,2/1/2030,Complet,
Zatic Valeriu,9492,mașinist la excavatoare ,063630477,CA,437,VADUL LUI VODA,53-56,43,10/1/2024,10/1/2025,3/1/2025,10/1/2025,,10/1/2027,4/1/2027,3/1/2026,10/1/2028,12/30/1904,Complet,
Zatic Valeriu,9492,mașinist la excavatoare ,063630477,CD,946,VADUL LUI VODA,53-56,43,10/1/2024,10/1/2025,3/1/2025,10/1/2025,,10/1/2027,4/1/2027,3/1/2026,10/1/2028,12/30/1904,Complet,
Zatic Vitalie,9348,tractorist,068550414,CRT,142,SBO,54-56,44,5/1/2023,8/1/2025,10/1/2025,5/1/2023,,5/1/2026,2/1/2027,10/1/2026,5/1/2026,12/30/1904,Complet,
Zatic Vitalie,9348,tractorist,068550414,CA,530,SBO,54-56,44,5/1/2023,8/1/2025,10/1/2025,5/1/2023,,5/1/2026,2/1/2027,10/1/2026,5/1/2026,12/30/1904,Complet,