Nr. Garaj,Destinatia,Marcă / Model,Nr. înmatriculare,Nr. înmatriculare,Nr. înmatriculare,Nr. Inventar,An fabricație,Km actuali,"p63,",Șofer curent,Utilaje auxiliare,Lucrari necesate efectuat luna viitoare
1,Excavatoare,JCB 3CX,TAE,471,TAE 471,42692096,2016,,Râșcani (1),Rotari Oleg / Triboi Vasilii,,
2,Excavatoare,JCB 3CX,TAE,472,TAE 472,42691896,2016,,Centru (2),Cheptene Segei / Vieru Mihail,,
3,Excavatoare,JCB 3CX,TAE,474,TAE 474,42692296,2016,,Buiucani (3),Olari Gheorghii / Sabanciuc Mihail,,
4,Excavatoare,JCB 3CX,TAE,473,TAE 473,42691996,2016,,Botanica (4),Melnic Valentin / Maistrovoi Alexandru,,
6,Duldozer,DZ 42,CC,325,CC 325,42492400,1996,,SBO,Castraveț Constantin,,
8,Tractor,Foton 545,CH,340,CH 340,41316100,2011,,SBO,???,,
9,Excavatoare,JCB 3CX,TAE,470,TAE 470,42692196,2016,,Ciocana (5),Ababii Igor / Anton Marcel,,
10,Excavatoare,JCB 3CX,TAE,586,TAE 586,42692496,2016,,Repartizare,Muntean Niconor / Ceban Vitalie,,
11,Excavatoare,JCB 3CX,TAE,587,TAE 587,42692396,2016,,Repartizare,Goncearenco Veaceslav,,
13,Tractor,T-150K,CA,441,CA 441,41246300,1998,,SBO,Apavaloae Artur / Manole Seghei / Matei Fiodor / Mocanu Petru,,
15,Tractor,XTZ 150,CA,530,CA 530,41294600,2005,,SBO,Soltan Victor / Zatic Vitalie,,
16,Bara,XTZ 150,CA,317,CA 317,41294700,2005,,Repartizare,Timotin Grigorii  / Prisacari Valeriu,,
17,Remorcă,vechi,CRT,144,CRT 144,50059000,,,SBO,Soltan Victor / Zatic Vitalie,,
19,Remorcă,vechi,CRT,142,CRT 142,50058900,,,SBO,Apavaloae Artur / Manole Seghei / Matei Fiodor / Mocanu Petru,,
21,Excavatoare,JCB 8030 ZTS,TAE,464,TAE 464,42691296,2016,,Râșcani (1),Verbițchii Mihail,,
22,Excavatoare,JCB 8030 ZTS,TAE,465,TAE 465,42691396,2016,,Centru (2),Cotai Liviu,,
23,Excavatoare,JCB 8030 ZTS,TAE,466,TAE 466,42691496,2016,,Buiucani (3),Furnica Ion,,
24,Excavatoare,JCB 8030 ZTS,TAE,467,TAE 467,42691596,2016,,Botanica (4),Pascaru Vasile,,
33,Excavatoare,JCB 8030 ZTS,TAE,468,TAE 468,42691696,2016,,Ciocana (5),Sclifos Zaharia,,
34,Excavatoare,JCB 8030 ZTS,TAE,469,TAE 469,42691796,2016,,Branșamente,Grama Fiodor,,
37,Bara,MTZ-82,CA,786,CA 786,41248600,1999,,Repartizare,Prisacari Valeriu,,
43,Pompă,MTZ-82,CA,468,CA 468,41246700,1998,,Repartizare,Timotin Andrei,,
45,Bara,MTZ-82,CA,531,CA 531,41244200,1998,,Repartizare,Timotin Grigorii,,
53,Excavatoare,ĂO-2621,CA,76,CA 076,42402400,1994,,Repartizare,Celpan Ion,,
55,Încărcător,DZ 133,CC,545,CC 545,41286300,2002,,SBO,Popa Constatin,,
67,Tractor,Belorus 1221.3,TBN,329,TBN 329,41333100,,,SBO,Manole Serghei / Matei Timofei,,
68,Remorcă,nou,RTL,362,RTL 362,50067200,,,SBO,Manole Serghei / Matei Timofei,,
69,Tractor,T-25,CC,322,CC 322,41228800,,,Vadul lui Vodă,Caimacan Ruslan,,
72,Încărcător,Case 440,f/n,n,f/n,42676100,2013,,Energetic,???,,
77,Încărcător,Volvo 20F,TAY,66,TAY 066,42783996,2019,,Repartizare,Roșca Mihail,,
80,Duldozer,DZ 42,TAW,114,114 TAW,42473600,,,Vadul lui Vodă,Caimacan Ruslan,,
83,Excavatoare,ĂO-2621,CA,437,CA 437,42492600,1988,,Vadul lui Vodă,Cazac Iurie,,
84,Încărcător,T 156 B,CD,866,CD 866,42628300,2006,,SBO,Popa Constatin,,
85,Excavatoare,Borax 2203,CD,946,CD 946,42629100,2005,,Vadul lui Vodă,Zatic Vleriu,,
103,Basculantă,Kamaz 55111,CBE,276,CBE 276,45251200,1988,,Repartizare,Ionel Victor / Apavaloae Gheorghii,,
111,Automacara,MAZ 5337,CBE,638,CBE 638,42341400,1988,,Repartizare,Alexei Constantin,,
112,Basculantă,Kamaz 55111,CCR,871,CCR 871,45340000,1995,,Repartizare,Boicu Iurie,,
113,Basculantă,Kamaz 65115,CHN,349,CHN 349,50055500,2002,,Repartizare,David Ion,,
120,Furgon,IVECO DAILY,SYR,744,SYR 744,50062996,2016,,Buiucani (3),Furnica Ion,,
121,Furgon,IVECO DAILY,SYR,767,SYR 767,50063296,2016,,Ciocana (5),Sclifos Zaharia,,
122,Furgon,IVECO DAILY,SYR,741,SYR 741,50062896,2016,,Botanica (4),Pascaru Vasile,,
123,Furgon,IVECO DAILY,SYR,780,SYR 780,50063396,2016,,Centru (2),Cotai Liviu,,
124,Furgon,IVECO DAILY,SYR,759,SYR 759,50063196,2016,,Râșcani (1),Verbițchii Mihail,,
125,Furgon,IVECO DAILY,SYR,747,SYR 747,50063096,2016,,Branșamente,Grama Fiodor,,
126,Remorcă,Kontex KTZ,MRZ,40,M 040 RZ,50063596,2016,,Buiucani (3),Furnica Ion,,
127,Remorcă,Kontex KTZ,MRZ,365,M 365 RZ,50063996,2016,,Ciocana (5),Sclifos Zaharia,,
128,Remorcă,Kontex KTZ,MRZ,381,M 381 RZ,50063496,2016,,Botanica (4),Pascaru Vasile,,
129,Remorcă,Kontex KTZ,MRZ,370,M 370 RZ,50063696,2016,,Centru (2),Cotai Liviu,,
130,Remorcă,Kontex KTZ,MRZ,377,M 377 RZ,50063896,2016,,Râșcani (1),Verbițchii Mihail,,
131,Remorcă,Kontex KTZ,MRZ,373,M 373 RZ,50063796,2016,,Branșamente,Grama Fiodor,,
141,Basculantă,Gaz SAZ 3507,CBI,96,CBI 096,45315600,1991,,Vadul lui Vodă,Iacub Alexandru,,
142,Furgon,GAZ-5327,CBE,648,CBE 648,45244300,,,Vadul lui Vodă,Iacub Alexandru,,
143,Autocamion,Gaz 66,CBE,443,CBE 443,50004500,1973,,Vadul lui Vodă,Zamșa Eugen,,
145,Basculantă,ZIL 4502,CBI,566,CBI 566,50039900,1983,,Repartizare,Jechiu Anatol,,
146,Automacara,MAZ 5337,CGC,23,CGC 023,50051800,1999,,Repartizare,Alexei Constantin,,
147,Basculantă,Gaz SAZ 3507,CBE,267,CBE 267,45249800,1988,,Repartizare,Prodan Nicolae,,
148,Autocamion,Uaz 33039,CIA,483,CIA 483,50056900,1999,,???,???,,
149,Basculantă,Kamaz 5410,CAU,393,CAU 393,50030000,1994,,Repartizare,Toma Nicolae / Movilă Vieceslav,,
150,Basculantă,ZIL 4502,CBE,294,CBE 294,45325800,1987,,Repartizare,Toma Gheorghii,,
152,Basculantă,ZIL 4502,CBE,284,CBE 284,45325700,1990,,Repartizare,Goreanu Anatol,,
153,Basculantă,Gaz SAZ 3507,CBE,269,CBE 269,45244400,1987,,Repartizare,Prodan Ion,,
155,Manipulator,Iveco Eurocargo,SYR,769,SYR 769,50064696,2017,,Repartizare,Cernei Anatolii,Manipulator,
156,Autoturn,Gaz 5307,CBE,641,CBE 641,42407100,1992,,???,???,,
157,Automacara,MAZ 5337,CFK,906,CFK 906,50050500,1998,,Repartizare,Cauș Timofei,,